"id","genere","eta","reddito_famiglia","stress_scolastico","depressione"
1,"F",16,"Medio",4.64,5.18
2,"F",16,"Basso",6.94,4.2
3,"F",19,"Basso",5.33,3.65
4,"M",18,"Alto",5.96,4.04
5,"M",17,"Basso",4.84,4.95
6,"F",18,"Alto",4.81,5.59
7,"M",18,"Basso",6.92,7.76
8,"F",16,"Alto",8.2,5.62
9,"F",14,"Medio",7.19,8.41
10,"M",16,"Medio",4.79,4.31
11,"M",15,"Medio",5.22,8.8
12,"M",17,"Basso",10.25,6.7
13,"M",15,"Medio",5,5.93
14,"M",19,"Medio",5.01,4.9
15,"F",17,"Medio",6.04,3.96
16,"F",16,"Alto",8.86,12.26
17,"M",19,"Alto",5.71,6.58
18,"F",15,"Medio",4.8,7.3
19,"M",19,"Alto",5.31,7.16
20,"M",14,"Medio",6.12,7.24
21,"F",19,"Alto",5.11,4.13
22,"M",14,"Medio",5.03,4.86
23,"M",17,"Medio",5.4,7.97
24,"F",16,"Medio",11.04,8.86
25,"M",17,"Medio",5.02,3.85
26,"M",18,"Medio",4.94,7.13
27,"M",17,"Alto",5.22,3.94
28,"M",15,"Basso",7.02,7.86
29,"F",19,"Alto",5.09,4.19
30,"M",18,"Alto",5.13,7.15
31,"M",19,"Alto",6.45,9.68
32,"F",17,"Basso",7.73,16.14
33,"M",15,"Medio",5.21,5.1
34,"F",14,"Basso",9.19,11.76
35,"M",17,"Alto",4.65,5.18
36,"M",18,"Medio",8.13,9.23
37,"M",19,"Basso",5.09,6.46
38,"M",16,"Medio",7,5.96
39,"F",16,"Basso",4.76,5.63
40,"M",17,"Medio",4.71,9.99
41,"M",18,"Medio",11.5,9.45
42,"F",19,"Medio",7.3,6.04
43,"F",18,"Medio",6.25,6.05
44,"F",16,"Medio",7.18,8.66
45,"F",16,"Basso",6.98,9.35
46,"M",14,"Medio",5.12,5.84
47,"F",16,"Medio",6.83,9.35
48,"F",16,"Basso",7.7,10.88
49,"M",17,"Medio",4.54,5.13
50,"M",19,"Alto",9.95,13.15
51,"F",18,"Alto",4.99,3.49
52,"F",19,"Alto",5.1,5.58
53,"M",18,"Alto",5.14,5.02
54,"M",19,"Alto",4.75,5.64
55,"F",16,"Basso",8.74,12.88
56,"M",16,"Alto",4.8,4.92
57,"F",16,"Medio",5.91,6.12
58,"F",17,"Basso",4.94,4.41
59,"F",19,"Alto",4.9,7.05
60,"F",18,"Basso",4.52,8.8
61,"F",18,"Medio",7.18,4.87
62,"F",16,"Alto",8.12,7.15
63,"F",18,"Medio",5.22,5.04
64,"F",16,"Medio",5.29,11.46
65,"F",15,"Medio",4.91,4.84
66,"F",18,"Medio",12.23,7.8
67,"M",18,"Medio",5.04,4.71
68,"M",16,"Medio",4.99,4.46
69,"M",18,"Basso",6.86,9.75
70,"F",19,"Basso",4.94,11.26
71,"M",14,"Medio",4.94,6.52
72,"F",14,"Medio",4.7,5.4
73,"M",14,"Medio",5.31,5.02
74,"M",15,"Medio",5.08,4.8
75,"F",16,"Medio",5.14,8.1
76,"F",16,"Basso",4.82,5.42
77,"F",17,"Medio",5.1,6.6
78,"M",16,"Medio",5.85,5.14
79,"M",17,"Alto",9.34,5.06
80,"M",18,"Medio",7.28,4.87
81,"F",17,"Basso",11.55,19.58
82,"M",17,"Medio",5,4.81
83,"F",18,"Basso",6.95,11.48
84,"M",14,"Basso",8.43,8.05
85,"M",18,"Alto",5.33,6.1
