id,eta,genere,reddito_famiglia,stress_scolastico,depressione
1,16,F,Medio,5.98,7.0
2,16,M,Basso,6.45,6.05
3,16,M,Medio,5.16,3.94
4,19,M,Alto,8.13,6.65
5,19,F,Basso,6.82,5.61
6,16,F,Medio,4.99,5.5
7,16,M,Medio,6.95,5.76
8,18,M,Medio,6.79,4.83
9,16,F,Basso,5.46,5.5
10,17,M,Medio,3.06,4.33
11,17,F,Basso,5.25,7.32
12,16,M,Basso,5.49,4.53
13,19,F,Alto,5.23,4.32
14,18,M,Medio,5.65,5.46
15,18,F,Basso,7.15,5.36
16,18,F,Medio,7.1,5.06
17,17,F,Basso,4.59,4.33
18,19,M,Medio,6.53,9.09
19,19,F,Basso,7.12,6.91
20,19,M,Medio,4.3,3.83
21,18,Altro,Alto,7.83,6.52
22,18,M,Medio,5.38,5.62
23,16,M,Alto,5.46,6.28
24,17,F,Basso,3.7,2.78
25,17,F,Medio,3.24,3.46
26,16,M,Medio,6.61,6.35
27,18,F,Basso,5.08,4.73
28,19,M,Alto,4.89,4.68
29,19,M,Basso,3.72,3.91
30,17,M,Medio,4.78,3.26
31,19,Altro,Medio,4.04,4.78
32,16,F,Basso,7.36,6.32
33,17,F,Medio,6.09,5.58
34,16,M,Basso,5.76,6.75
35,17,M,Medio,6.96,5.04
36,17,M,Alto,5.83,5.73
37,19,F,Medio,5.91,5.1
38,16,F,Medio,5.81,4.84
39,17,F,Medio,4.6,5.01
40,17,M,Basso,6.58,3.88
41,16,F,Alto,7.5,3.96
42,17,F,Medio,5.92,6.34
43,16,F,Basso,3.13,5.27
44,19,F,Medio,5.3,3.28
45,19,F,Medio,7.41,5.92
46,16,M,Basso,4.17,3.8
47,17,F,Medio,5.91,5.05
48,16,M,Basso,7.75,7.8
49,17,M,Basso,7.38,6.88
50,18,M,Basso,5.38,4.34
51,19,F,Medio,2.5,4.08
52,16,F,Medio,5.01,4.68
53,17,F,Basso,5.29,5.32
54,17,F,Basso,6.7,4.43
55,16,M,Medio,6.2,5.31
56,17,F,Alto,5.56,4.58
57,18,M,Medio,6.17,6.85
58,18,F,Medio,5.98,5.21
59,19,M,Basso,5.23,5.43
60,18,F,Medio,5.11,3.67
61,16,F,Alto,7.05,5.26
62,18,M,Basso,6.44,6.26
63,16,M,Basso,5.6,5.65
64,19,Altro,Medio,6.52,5.35
65,17,Altro,Alto,5.83,5.15
66,18,M,Medio,4.5,3.15
67,17,F,Medio,7.81,7.67
68,19,F,Alto,4.44,4.75
69,17,F,Medio,4.69,5.16
70,16,M,Medio,4.71,3.91
71,18,M,Basso,6.46,5.54
72,18,F,Medio,4.21,5.86
73,19,M,Medio,4.22,5.29
74,18,F,Medio,3.08,3.57
75,17,F,Basso,4.96,4.06
76,18,M,Basso,6.95,5.22
77,19,F,Medio,4.74,4.49
78,19,M,Alto,4.71,4.13
79,16,F,Basso,6.03,4.08
80,18,F,Medio,5.96,6.48
81,17,M,Medio,4.6,3.44
82,16,M,Medio,5.13,4.29
83,17,F,Basso,7.51,6.09
84,16,F,Alto,3.62,3.36
85,19,F,Basso,5.52,5.05
